returns,volatility,volume_ratio,regime
-0.021547521539695164,0.1986261442198017,0.7832964408612951,1
0.006639606611380291,0.3572599831720311,0.8430754091029637,3
-0.03162381404064267,0.143654950892399,1.35607018979579,1
0.017588340822748065,0.09742266492506357,3.584030859563044,0
0.003159486245029034,0.31937957185118393,1.5384690418756062,3
-0.009072727751833655,0.254367482239179,1.4208587731401792,2
-0.007185841815741191,0.07487227269010646,0.6463939135889799,2
-0.0417295531674217,0.44718164086755097,0.3909444940666433,3
0.013858372460632222,0.14701037968427627,1.0622641813738367,0
0.007747429612659798,0.18585963938526492,1.4648028956872394,2
0.02090176948169507,0.15504559150035288,0.8985632245900393,0
-0.00471422489713337,0.27516939140968644,0.48507414026588447,2
0.01366446029577616,0.2287176073936029,0.2491895356299683,0
-0.006657208087650225,0.2225903739266951,0.4506665563642188,2
0.009730032876524039,0.3959108305807444,1.967384898144927,3
-0.009291621562312367,0.35485840971895954,1.3988000726561425,3
-0.014987153788455552,0.26075530787835693,0.4197348419089053,2
0.004876014275423977,0.3866847740532884,0.39768618891518887,3
-0.012631554583306628,0.29109335226525396,0.9748861181420425,2
0.011903140508738273,0.020241181257193236,0.6160978976049241,0
0.007809296998577792,0.09330451595757812,0.13058639080372197,2
-0.0316717677957516,0.22633611273887327,0.6698001091148725,1
-0.010365404365472949,0.03961182593673801,1.7174064740006572,1
3.23806271388224e-05,0.01904536528138337,0.020779664701416237,2
6.751013194321998e-05,0.1976792538909891,1.6254336581764874,2
0.008508897283683446,0.38552486991908996,0.5749462688021983,3
0.0038219813603980668,0.06593809713744286,2.454292656825041,2
0.0005240950554807133,0.21546173322962725,0.3002051807752222,2
-0.0006910124790792704,0.1956775097617065,0.3782732354516267,2
0.010596083558305656,0.3835923129719007,1.4683915793971236,3
-0.01147203545793802,0.27742160593795695,0.39256807399974136,2
0.02083449328117703,0.37302542746723155,0.10226018778030224,3
0.022026459154715242,0.12004938772604987,0.5975895868325091,0
-0.0012132162762924154,0.06396456879169088,0.8784573612380008,2
-0.00826930322246552,0.28586679592326525,1.0438180164338549,2
-0.009654870443640648,0.19105185320117127,1.0981313286800418,2
-0.03642172138588993,0.3174733484019762,2.941561102491419,3
-0.019827846989126145,0.4838287641249602,0.9894762687908808,3
-0.006155564699060017,0.27586031487091983,0.489938453808041,2
0.027987108731720042,0.03288779626503688,0.16762203943121537,0
-0.030898746933535174,0.5006634955512757,1.3179201560642533,3
0.019888947510178147,0.07859799728076798,1.1602017104301592,0
0.013710154775804083,0.149318333678929,0.28868722694784155,0
0.004549917514641075,0.23839657196281566,2.827350081700577,2
0.013376802610924363,0.07138363556791752,1.192607887625652,0
-0.027171480305149487,0.04984856832757789,1.1177289753332251,1
-0.00686384550994821,0.34404577521300017,0.13320927643467137,3
-0.025102707439467898,0.2680857844162021,0.7403232428586778,2
-0.039910635609034774,0.08889667276676516,0.8393444423687624,1
-0.022045842996728467,0.012440328901091091,3.3037497097196917,1
0.04287888178650651,0.24617485587708277,0.9545924325095166,0
-0.0007165115741292586,0.1532486171352149,0.7717874947978445,2
-0.009754107458974893,0.35444065421295395,1.317977284613322,3
-0.0017213938558178613,0.1742756599417641,0.6997786136982191,2
0.027514136266232392,0.1931106756889759,2.4514415508058556,0
0.00924121786503793,0.04152543940621101,0.4991480072667027,2
-0.031075175320321287,0.06837739667665527,0.788565767015331,1
0.03022309860494695,0.08944559582709545,0.6578374231386045,0
0.008165055114289436,0.35342622073261465,1.0798006859269402,3
-0.011528391526696878,0.0076777029137494734,0.9379680648354644,1
-0.018508492521191747,0.3458665996877015,0.1872457217009485,3
0.014232297561777796,0.12102024693559356,0.7342387460463917,0
0.03906518275053136,0.25274935324610887,0.9352436748409232,2
0.0023005215829483435,0.13191628757703078,0.8860443351792119,2
-0.0060670013495426845,0.35278061414755923,0.39786938498359686,3
-0.02455215630273985,0.11432240388737204,1.0378922932779198,1
0.012513346955300125,0.23279889601359466,0.9692383203985722,0
0.006148071394393768,0.4135930768311751,0.5609543683964412,3
0.006811784328009936,0.06325740467691462,0.580194150227763,2
-0.028877096322670836,0.08309370121098247,0.8107436467161799,1
0.006104862530627059,0.23403979157003718,0.5266330387781676,2
-0.005073521550847619,0.42869578947241344,0.13631038100658757,3
0.025431101899883176,0.1252049156317323,0.7831391766948456,0
0.03159144291461425,0.18364648700548045,0.9164211586837961,0
0.01208241779177036,0.045460452880972724,1.5205574947519724,0
-0.01070470423121136,0.07443647995774408,1.1738312408435116,1
-0.002747435767987933,0.2896306558842092,0.4298668585061552,2
-0.039378462848321666,0.39038835078479306,1.147598791631108,3
0.043265094466109204,0.06479364801542384,2.2851676136411987,0
0.01808035109522629,0.05833854009362782,3.441390528604324,0
-0.004621389549153606,0.10802298229838325,0.37650929237848013,2
-0.012751750841519279,0.1298391974212127,0.4293170981780694,1
0.0047710990754747835,0.16481314555712187,0.7183763739057001,2
0.0022703469050249607,0.1038378100192467,1.6254808241905006,2
-0.01796829342696716,0.09508781898150688,0.18724722166289492,1
-0.009420766112366455,0.1505766049673021,0.9034893582624021,2
0.011862025159367675,0.45665432137861817,2.717227493672052,3
-0.004313352750952647,0.021498583527707976,0.6237231162539574,2
-0.033770103761370004,0.13348558726474466,0.48326183738432477,1
-0.019066572165174246,0.055249878743112435,0.44984707432323073,1
-0.01736585463752733,0.3282802261622394,1.876277393624911,3
-0.008259956442868682,0.061237306928204754,0.9636510402489242,2
0.012649084332846018,0.28166898042911936,0.23413387854992807,2
-0.05301939616786024,0.05953940957265175,0.6759521226693047,1
0.012394775694057374,0.14692115557698446,1.6268752250872889,0
-0.005947521584862129,0.01189660213572255,2.105702001849311,2
-0.0038853826395703864,0.04787536728095476,0.4784975354740386,2
-0.012475379213916102,0.2801311793562012,1.316887547727798,2
-0.022392348665780226,0.07963549402027449,1.6052111931777333,1
0.0016566514103619982,0.5033261150131068,1.2336415408221395,3
-0.0029793861953459383,0.0029298833446058103,0.7244132937261857,2
0.021601121182786204,0.12005094208610695,1.4499301621394263,0
-0.015435439147857501,0.17895866216743578,0.2942814469050612,1
0.008731196083153356,0.4204676388181243,2.2004631554130647,3
-0.027586384560290545,0.2540553073857292,0.16039949827231187,2
-0.006261160610463087,0.009445693051237075,0.5089727240409059,2
-0.007410161971800579,0.08095087463959305,0.3902468676410504,2
0.03715404687075465,0.016407217900406862,0.19977508799612625,0
0.029557880894830323,0.21267001795849214,0.8840841171887359,0
0.008695401291137824,0.13515482212856886,2.1964441545596554,2
0.0036766903264500873,0.07496025755503907,1.0174828520824497,2
0.01943141901908711,0.18633862094704592,0.17469953309092617,0
-0.022820170195054765,0.07232292763287726,0.7700726573646233,1
-0.007951155309834429,0.1971316730219439,0.9262219314152781,2
0.013604604168352583,0.2119369319834841,0.4760926781212919,0
-0.000664599812889216,0.11328298119265351,0.8614151791371065,2
-0.0034051649359181104,0.10986692362192813,1.4386388689896354,2
0.023789409778492813,0.36348574386362453,2.2037324265619342,3
-0.004829948917415576,0.04716950643998974,0.5239083553516436,2
0.005899429114176431,0.35700690706636456,0.9852772753239455,3
0.01291175424348387,0.0137148480582234,0.9280899757238152,0
-0.028436213334836875,0.18766194504928205,0.6917551883806035,1
0.022487067197410053,0.23035750558980428,0.3601617952102389,0
0.0034915562566367794,0.2069118832449727,1.0361868152441733,2
0.00864433381518508,0.004125246745161848,1.759751353862438,2
-0.012130067764314793,0.17874369174472637,1.2420526975532775,1
0.010925684960073992,0.35162596025304704,0.9348036415524286,3
0.041501300786970834,0.5257704001094903,1.0074912665074756,3
-0.002570750228778615,0.10456644310221054,0.628285354770826,2
-0.010776837123854766,0.15650279683450402,0.685424437885774,1
-0.014293613539808637,0.08729817955949447,1.6774259262560047,1
0.012510160336620715,0.0928902323026732,4.30875711072436,0
0.003930423394029403,0.20523319206341128,0.8781405346569398,2
-0.022126699480120565,0.149713387719796,0.6646774706371888,1
-0.018797595726547104,0.4652253939589675,1.0973239171328324,3
0.0073734661774580235,0.18946694577235754,0.7921564661716686,2
-0.016368573318840028,0.2499078994377782,0.6591632440250564,1
0.002670818095645646,0.21701840600848288,1.1907038847650098,2
0.01790076628152231,0.004277466435057609,1.034733316390751,0
0.023186596067284963,0.061970008836854995,0.22565588576749046,0
0.011060801717047168,0.37042870619638135,0.5284071561418181,3
0.030560627187756654,0.22651431548753959,0.802419728027318,0
-0.017135441876535856,0.2699666895260392,1.7177696116870955,2
0.0238501502495595,0.1015063893800443,3.5290038376455413,0
-0.03451613457581194,0.0837555763904023,0.17108088414020978,1
0.03179677956361368,0.22252034809343046,1.3779836322036085,0
0.013604322109008988,0.17792907427788396,0.29637647007910484,0
-0.058807772693285604,0.19226866870885229,1.8274098890506028,1
0.020636890789372697,0.16529684976743325,0.8183236261739557,0
0.003894723894375497,0.37460902288789066,0.40915403503161524,3
0.015548147055290226,0.3466808408316706,0.45140938210908627,3
0.01731510388340243,0.2981646540658432,1.5751345467922138,2
-0.020527384153317844,0.587536049024985,0.4112467083946175,3
0.005531630111820975,0.06520850787615956,1.3371339754188063,2
-0.04943289000254579,0.14521385337652304,0.5892449067819976,1
-0.0021267400506262994,0.0799114486477842,0.4464353882749922,2
0.013857151684748735,0.15465959118762104,1.794745407832049,0
-0.013156691077042742,0.36253746546649934,0.8923565681393621,3
0.035223762497347474,0.10382526059047245,1.1027940461518229,0
-0.027915784043849704,0.23117907516006211,0.6422516738997096,1
-0.02016172621834808,0.3037427862682083,0.38531166398781835,3
-0.002192196078516617,0.2674740820589765,0.6056249263655238,2
-0.02373986776611489,0.1586617847925939,1.6427115765012943,1
-0.009001309429584874,0.07226900303310219,0.34006231302651574,2
0.013641389801252625,0.5078109967132902,0.27143838911235696,3
0.01645089824206378,0.3073601361756261,1.5456410072335978,3
-0.0015646131811703561,0.018101430106502947,0.2651460487738586,2
-0.05124667317590621,0.07392605217399631,0.6863874097576874,1
-0.010457200543065367,0.20515629635396904,1.8561618805745514,1
-0.017956601328512588,0.13929562147050106,0.5467010146591086,1
0.009430847608364115,0.006594323390814977,0.364891286534254,2
-0.0028305150673389656,0.5081138662153963,0.34609716161581044,3
-0.019646071607546292,0.3260910069175075,0.9266295791061069,3
0.036010223630217074,0.2465709131271127,0.19824140694339193,0
0.022253767499798505,0.1167079254642006,1.0639209886666747,0
0.031970762241926826,0.24428371375178642,0.12790089160066268,0
0.0017339539882879318,0.3992969617316966,0.506797638983068,3
0.00505137691993247,0.3245747200978928,0.27347776171396004,3
0.0053858950516146795,0.40140827920267785,1.6933380801062878,3
-0.023793333181807225,0.0726342723514665,0.539380071425261,1
-0.01690307916852318,0.01134411201880589,1.2633411757494004,1
-0.008319338558947172,0.1829611757447053,1.3203383598395808,2
0.003961695215357099,0.4067701033180712,1.1589081839266375,3
0.026342301346797305,0.3249736649944152,1.5154299728737852,3
0.01582063894086094,0.0070898058849476475,0.534538065025003,0
-0.030387399319080268,0.07734764050922996,0.8946437135544465,1
0.025115122511470415,0.6054541346607625,2.1317821899120095,3
-0.022343729234140047,0.3166394092688408,0.7640927451124628,3
0.027044053577342887,0.2613711384163991,0.32932645411802947,2
-0.022390922567663375,0.03138172117088403,1.3291719245290778,1
0.03217561711468747,0.26528172924344035,0.48206889711675105,2
-0.04034677596244823,0.10833724062849236,1.6027899244985606,1
0.014246443191603243,0.1384955882691634,0.49232624011917564,0
0.011362064102572922,0.2938376890512501,0.41866674287459044,2
0.006433570827530002,0.21966789870127204,1.4840996759613532,2
-0.00037417512891794834,0.40237685733330575,3.687265003961961,3
-0.058285119796338825,0.011007914883933684,0.8590892659101861,1
-0.04345339092028072,0.4151464504028114,1.185371771492899,3
0.013726369139134015,0.05046025603968099,0.07196773846670204,0
0.002117889062304685,0.3032307959679324,0.589996113691349,3
-0.0009102449060248434,0.02317925552359343,0.5767030952295553,2
-0.012902395092102486,0.2433775509678088,1.0607203941326602,1
0.01091573427064711,0.3878519543447012,0.6870654591345413,3
-0.018012414692957376,0.09024461758607061,0.70771764192293,1
-0.0030357019007116667,0.01746549344897494,0.35949372335645663,2
-0.010924888965049655,0.5218737387614732,0.9376147899562232,3
0.027629081573809732,0.6188313301864942,1.6187951914485637,3
-0.01939487439269349,0.15758610085559477,1.172039893603065,1
-0.023023074731057386,0.27337675259566907,0.6504607988281113,2
-0.0077426129957902925,0.3843284825300839,0.5467006287704177,3
0.0077922835474180776,0.02687549228306882,1.2802966308788661,2
-0.026960942238803343,0.022359518049365312,0.2744536464151023,1
-0.04271348427957391,0.21417913513827028,0.25447893366143964,1
-0.04493778667969211,0.10087486462847815,2.614391144394896,1
-0.01977182214301835,0.43871005516442063,0.30883290294637844,3
-0.014898052896128982,0.25981456466372216,1.816818245216868,2
0.03026899486484262,0.4538519858694807,0.5090719140015886,3
0.05098019417435445,0.17655854949424354,1.5529401392045572,0
-0.02489309406622834,0.14321303851802689,0.7149704249521968,1
0.02562032723470226,0.4183151725872988,0.9919057215060103,3
0.003922629180478147,0.10153249818490939,0.5900828809230556,2
-0.01044263140039985,0.1532799207651198,0.5164022458232375,1
-0.0048676795875003615,0.232657730163075,1.8698648293583198,2
0.008566141944152972,0.46977201307071764,0.40995393447142964,3
0.016398505052704685,0.4271421103580726,1.7583703321912685,3
-0.0129114414407079,0.17190045352680489,0.964691876236729,1
0.016310020448885253,0.28031881211144505,1.2811970562525627,2
-0.0010780969801147831,0.17184094646301742,0.22003865485244495,2
-0.007063325856213767,0.2506649148581902,0.7227361480810681,2
-0.03262551630921891,0.1420996136525841,0.3491080853517379,1
-0.011849285183057886,0.17164785534762889,0.8742859347190496,1
0.009746104740899897,0.3072854875836849,0.42387965389121535,3
0.024405657928354342,0.21451323776582007,0.5904262915361503,0
-0.010695133416886462,0.13134731574813835,0.7640825567758662,1
0.023812925495726826,0.1752379152495431,1.2404249587338678,0
-0.014306074185199365,0.2900319448616417,1.2052417645263847,2
0.018269474640348133,0.17792108738479828,0.863856299055642,0
-0.011002305658730779,0.11326818526703693,0.404091883489111,1
0.023434358294323193,0.0049297506503376,1.1928704157302117,0
-0.008302005779267391,0.02266586022901393,0.611857511297382,2
-0.015817635833891307,0.26277718387355825,0.6065004304530266,2
0.01838308347220003,0.05886566872188598,2.453112631282354,0
-0.025743271371685,0.1829656152814323,0.5618078228401132,1
-0.008087239853800455,0.25499093705207077,0.7410723168940843,2
0.012255478101251395,0.5506741618082449,0.8456574474259353,3
-0.002765286023423693,0.1319878837424219,0.6512802743751327,2
-0.009046126384981534,0.4479964455767796,2.356537014798751,3
-0.0018964846256174447,0.12800477807769103,0.27558747140816214,2
-0.028133221936964447,0.05353999270043042,1.3080787467709896,1
0.00406471909172062,0.17824072021930643,0.4462288897179055,2
-0.03126381617393314,0.34437543287001526,1.957292713262682,3
0.022972746988574304,0.2367557996473109,1.5050491182621113,0
-0.004955048364794185,0.23082296413400305,1.063500648184398,2
-0.02347759928817945,0.0417013762111311,1.7509830932997925,1
0.01774159552892574,0.12444164947558196,0.42434895383355875,0
-0.005536265997778413,0.13001388931958352,1.5192837925430118,2
0.0064543712067617895,0.0710562092397724,2.1689901193099455,2
-0.015115830003167258,0.25084638405023924,0.2665685292233705,2
0.01640688025224912,0.19546054136045216,1.3401149362500449,0
-0.009064968180460268,0.20795889693989286,0.42064308635016673,2
-0.013147451079894488,0.37913217245209874,0.9273041329841979,3
-0.025280123358947276,0.3867561512334885,0.5649416412786564,3
0.04542899490845592,0.30145355715123623,0.41487392495715253,3
-0.0037394260597089202,0.18408640469878695,0.9988106377670599,2
0.006928964189939514,0.0721663035504014,1.7033289788268955,2
0.011395207143972939,0.37474863238458844,1.2762450801698635,3
-0.05495009685450469,0.22123936801098243,0.9984060030969116,1
0.03896685289579626,0.40951402660977365,0.8153106707902048,3
-0.0013726809217093723,0.296703470492635,2.4227235830620804,2
0.020589149631967146,0.36814047686093687,0.1360481015813972,3
0.03465029998970184,0.1164757360938462,1.4259595358120138,0
-0.03521617623961552,0.011046619315598305,1.2083487572157987,1
0.003958215669252956,0.07080356304543381,1.135984057795364,2
-0.013075326772976396,0.09973176337202337,0.9026529653662396,1
-0.021350658285085457,0.19377923330012786,0.7839241846150969,1
-0.012243338343096415,0.022965239869944504,1.5672120672042538,1
0.005739117086034175,0.26087361300107215,0.5377471828424278,2
0.005336367925908038,0.024836387615011862,2.8809918214058508,2
-0.012137303557143509,0.3928373351542519,1.125954564273862,3
0.010016631820084233,0.028849361393026296,0.7875116500800188,0
-0.020851553893411527,0.3775323653872407,1.0395961200932762,3
-0.0027462193157775923,0.013335175226031032,1.0572952885770066,2
-0.015603982582349255,0.20808460205498097,0.6541221052030426,1
-0.0001119203765809311,0.27119502283501884,2.7109709309257433,2
0.013591954978693517,0.3436898082823526,0.8076497600208096,3
-0.011071764834159892,0.20787895523229744,0.10242583463061242,1
-0.010041084487052224,0.2662620104566336,0.8621017755087784,2
0.01690315942368643,0.328002346601022,1.2416289319573799,3
0.006327166430722895,0.29440409501433384,0.2220964096240606,2
0.024753075150239962,0.11810571093276083,1.4184332226216139,0
0.002871758730103204,0.12185471731533565,0.9809010534528164,2
0.0048667889864538365,0.024213421967446608,2.836463388348701,2
0.0037941233522079134,0.3121167457140584,1.1594839049148484,3
-0.016939226966366558,0.23864012860971942,1.337621628609449,1
-0.0016743591969842404,0.040705751469671814,0.3917969212715074,2
-0.020796130620537687,0.4066002544292513,1.1473885004570223,3
0.03327465664286947,0.04555835433658992,0.8095394308732248,0
-0.006183442469372788,0.22051199710988462,1.9706679569413514,2
-0.0013435658009871051,0.04049682502545224,0.7640817892770116,2
-0.03826560489315596,0.16434750245585236,0.8758595246882317,1
0.0356359781754212,0.23598091284270878,1.7770058600841474,0
0.0351095139663098,0.20328332317472522,0.8435639436518859,0
0.009493964657599056,0.2043163346121498,2.026791972924424,2
0.008860042608947504,0.1816346015378904,0.37980202656758244,2
-0.0035170880886414234,0.30298516201297643,0.3270717435605393,3
-0.02666256709555613,0.20785591530913528,0.37445892970037503,1
0.012283334000868505,0.24403062949529608,0.41072965427257757,0
-0.003312628206352645,0.34335559566708007,0.37750321744396537,3
-0.0005281151391785407,0.22704423207551666,1.0722729735332786,2
-0.01979915585104028,0.37150422953087425,0.5367040296811525,3
0.02171791131663156,0.18973302610003767,1.904538227729182,0
-0.002832971720202538,0.01229657266410697,0.419404626900043,2
0.02959888277780052,0.35324344761095583,0.4635446771895382,3
0.005843854566527464,0.11269079988604815,1.131190561320256,2
0.004628918450511446,0.08739194982607809,1.798724217988437,2
-0.011689105837008764,0.21179493305085767,0.4359717069462389,1
0.0412504983848629,0.14043270026482207,1.9858642881600916,0
0.011481424417880026,0.30687226466507067,1.7843430432315748,3
0.034947263958311166,0.5149111280753764,0.8458268637395019,3
-0.0006625394574759419,0.39065979890105507,0.5074610697723315,3
0.01766219554294318,0.016073096328097503,1.4831925771873613,0
-0.009616675790239587,0.05509408744770666,0.886154555846163,2
0.012120199026912793,0.11286886583575056,0.44559616875483204,0
-0.011327891824294466,0.03769733224370961,0.7651892803987411,1
0.013794156104903888,0.318230621119578,0.3934542277270161,3
0.016778810009392246,0.06076700489779735,0.138036234252891,0
0.022534102736551667,0.0791012403410877,1.133489902196917,0
0.002265408210755289,0.15676474898099924,0.36267654650918324,2
-0.003163076887446406,0.28499032225890886,1.7057585674891915,2
0.017017959243359443,0.43040917725642924,0.6834474796048733,3
0.0100356547233509,0.0863796188465864,1.7188172224600715,0
-0.011434920839121229,0.5518436242844661,1.1649948367486045,3
-0.0007748578997908605,0.03873454278248667,0.5055162342958728,2
-0.01065450996433807,0.1953107878768631,0.45125129374145195,1
-0.007229255333879715,0.3295885324943669,0.5261080017977048,3
0.010359895527829037,0.23565975918589793,2.0256346568150465,0
-0.05678157318970854,0.02303348759382373,0.49500400367765496,1
-0.00974250767529392,0.3262671162176019,0.6766752461284563,3
0.017745816745334844,0.07091518942791697,0.7319350046799259,0
0.004386046744008721,0.40859653939249363,1.5620190709036395,3
-0.001654300477929864,0.27271019719533857,0.594956172018691,2
0.026515932950843802,0.26465344370163396,1.086620894054677,2
0.009916100420551417,0.025219700005206735,0.8097146187532975,2
0.011850606146355228,0.3016954956344793,1.3313532744857968,3
0.03626815397030846,0.04600617756737316,0.7022889372451656,0
0.010065041294990097,0.16816335352401043,1.3403016073509442,0
-0.035215255183116356,0.04935641547586203,0.5720335010498159,1
0.022531300590955147,0.2124481128218765,0.6650283352572899,0
-0.004692411399148276,0.11244167996560982,0.6610758121969996,2
0.009145608092304823,0.0030547205079090867,1.2108305275160067,2
-0.021554895558586123,0.2623755254429091,0.3565996578326538,2
0.006153533068022277,0.29082704766862477,0.539055941850204,2
0.026065560746321274,0.0934795089743927,0.928676561564172,0
-0.01456343801939631,0.47467657033488314,2.004429507394016,3
-0.02153358254942027,0.04221247934369962,0.19099709046517763,1
0.011705988730326761,0.3212539324498562,1.0278809120364747,3
-0.018798062022177292,0.3098121427149534,1.0936351421268096,3
-0.027620892063075497,0.39116603417733553,0.6442312586135578,3
-0.03587784995735781,0.0014525643736731653,1.821503307528631,1
-0.01816048151042422,0.22329874987991022,1.2031373562166257,1
0.018436030039545043,0.18903390469865924,1.8016900580729531,0
0.0005691516236631776,0.21524450803001371,0.432118557439825,2
-0.008229862891243604,0.2421817523876098,0.21793681423132308,2
0.008353615044788014,0.07894945608246973,2.5131847325004384,2
-0.0206391048418887,0.22332674056453414,0.09873995085991412,1
0.007345746268026813,0.04327455291453933,0.40987511537804905,2
-0.006553242931955364,0.45561531170886765,0.7104542516227023,3
-0.0212460742745221,0.2588951173476452,0.8372974366578844,2
-0.0031549396646297053,0.3911408388101555,1.0321208830687867,3
-0.006160685683714825,0.0024888456791909153,1.0122551063139382,2
0.018651816637461797,0.5747645725582242,0.7201217932267314,3
0.02423887970772801,0.3966743444905425,0.8509995073075315,3
-0.002065095202980948,0.40495841177816577,0.974820681688162,3
0.024990098014123174,0.051720648820114956,3.052312439786226,0
0.02656388283698116,0.26592290720127676,0.6272269363437116,2
0.01380287983422225,0.17146387333801766,0.8283895552515376,0
0.012157930194330785,0.3196776052073208,3.0645368678076452,3
-0.013584613063859101,0.18976962045009965,0.6186407294593145,1
0.002834338272798095,0.2126790475676487,0.7879737903859544,2
-0.008910050428015437,0.11046578229020432,1.1351506445450412,2
0.010300953726120958,0.046119784104578565,0.6351795473794817,0
-0.011243360531566042,0.28265255903394493,0.3202253885493049,2
-0.0238904587953207,0.28757556223085884,2.596676333914278,2
0.025921261235627924,0.04976879444560664,1.1833453277777786,0
0.030068396568579982,0.3416577834253085,2.244174043583186,3
0.011688259609449685,0.13345897546889213,0.4422770326498859,0
-0.0236162563061769,0.2034620988425631,1.6185513029159024,1
-0.01076095516980277,0.06135973961073929,1.0298829933929083,1
-0.005178099474081547,0.09572759628846915,2.821347659952845,2
0.007681308978786145,0.10970833370972345,0.8256749658124539,2
-0.0021406071990911564,0.10570185423881448,0.5267551690401411,2
-0.007446381058758457,0.5309703469827008,3.014844799552018,3
0.05023113103168847,0.20113402705912,0.5962773352229152,0
0.026924515124054964,0.188181739987955,1.9419515132373966,0
0.0005462675970287733,0.17573490782514967,0.32897846585988333,2
-0.028001414463660185,0.08667389878907311,0.3424960938597071,1
-0.007835162980876439,0.25535246567377506,1.1327881320805764,2
-0.012924546196876061,0.031937312159541625,1.2210186183899785,1
0.00090982952661504,0.10740714396816693,0.19780950215673623,2
0.0072032836789153384,0.3100925717546358,0.6454829391314719,3
-0.0013226522925164491,0.43327978012210133,3.134614087165572,3
0.011640531341694538,0.1022351848759912,1.017256938607355,0
0.0007587567089520406,0.14491444988010713,2.0263609037114056,2
0.009167734071029686,0.485383730784434,1.0328791792002998,3
0.005854309642837068,0.276590103561547,1.6924862218227665,2
0.00688107843126933,0.3785794465576515,1.1643178858200607,3
-0.012195658086387645,0.15279637568178614,1.0852674316104824,1
-0.020423249151206004,0.29061611831585665,1.649236207439789,2
-0.02473901421756164,0.18135713342563456,0.6058749337536569,1
-0.012152926907469453,0.1287967984419821,1.9184524047862588,1
-0.002898091581628626,0.42352062831497617,0.5570979226244359,3
-0.008415235873621066,0.2973322888855759,0.3331147476974774,2
-0.019254651305692247,0.1874325350166403,1.0319255401905405,1
0.007112266975713199,0.4234399114171473,0.3914480234015761,3
0.02623967477147893,0.26170364467271584,0.7028750237162446,2
-0.012056413115679232,0.1302386080698491,0.5796111590489783,1
0.023637821859199232,0.2774595001679868,0.03488149867517148,2
-0.007512673315310712,0.11918227432289172,0.8362603985478634,2
-0.027197122819598386,0.17357997446735327,0.46257249636987435,1
-0.005909606360583207,0.021175403057235337,0.17901123194664856,2
-0.028111261077125735,0.0052511090496646096,2.1625889863821497,1
-0.003926996981699566,0.19394991346789345,0.884275572885643,2
0.0009479734263282804,0.5751350746901422,0.5084383596199015,3
-0.01571978921015899,0.11086836914275003,0.9748313271861833,1
0.0026213037243169746,0.23540645957365552,0.5609564467965961,2
-0.02579921799482108,0.14903614885287145,0.7625111005625329,1
0.009588830361721278,0.0589976101814369,1.8624361196754924,2
-0.0012518625579904482,0.0019259834892453032,0.2876614838852854,2
0.004263932564753783,0.16996981185494453,0.47492204117593134,2
-0.012160122858746472,0.2478212509442384,1.3390791226497332,1
0.0016456797855084837,0.012526949061595405,0.9553374538655284,2
-0.019714520926710874,0.45568881399460653,0.5211062641777054,3
0.010338930314967418,0.204953496078955,1.1216096288943176,0
0.0107258181903438,0.2643451922822776,1.2962958470967272,2
-0.008632406254360969,0.11753159605429501,0.5269080151090628,2
0.032840303202727385,0.3086887668084684,1.7772537268292292,3
-0.000700152200124718,0.22772879810905472,1.1321500104087598,2
-0.00362448346436206,0.6676521693812072,0.7635012031627816,3
-0.01726987209929868,0.31481032340200243,1.0447349706364537,3
-0.0019777930638228535,0.3018092103919129,0.14986345796160871,3
-0.0054508944272361835,0.18372082361527284,1.457138045122196,2
0.008984374425700685,0.20898578851946575,0.4212524389392341,2
0.0057465780880601855,0.12714818831374297,0.006773022416745272,2
0.010272289284621925,0.10210949113566448,0.7410335360068728,0
0.032569371095446435,0.24985652502794145,1.4859801898032055,0
0.02893955768707466,0.23284458737839628,1.0698267633258696,0
-0.01904632761477594,0.140233208751595,0.8922670830692633,1
-0.0175694760268412,0.11045419581483269,0.44212278056042803,1
-0.02558061472439573,0.283974267324209,1.1402986591085227,2
0.040245408914015304,0.10144471444740143,0.5495982081059783,0
0.017134049604851116,0.061075510477518774,2.4117151612251893,0
-0.014787428149180727,0.26949522653513464,1.2549079347823497,2
-0.034844433852705504,0.025874860799593058,0.5849643944631966,1
0.02371408309325994,0.14514843762042204,0.192841291010437,0
0.030842199051357513,0.04608787337065637,0.22763470417937315,0
-0.008193731852589948,0.2906077467382435,0.4720447265079488,2
-0.007140584016132188,0.40931511232987783,0.4017249643424701,3
0.010690112969611006,0.0424720193957496,2.624998190788662,0
0.002218451794197322,0.014823200236640605,0.9133540286371813,2
-0.026734508777518613,0.14282934549898718,2.093489496020474,1
0.002916729404307678,0.3540726553839727,1.7333063785745915,3
-0.015333131755666958,0.1531892101920901,0.5585840930290741,1
-0.0010047621889827392,0.30927779652718046,0.3157871193801537,3
0.019577791171135586,0.18946645691380615,1.210311108965164,0
0.01951633438689418,0.13528165331601727,0.8133807983997121,0
0.03455086340201423,0.15233586589739065,0.1856367686634118,0
-0.03203931623794337,0.45008852626243007,0.24101056314829308,3
-0.01870877404089191,0.12512915727944518,2.739501152315093,1
-0.006169655769116394,0.4023702657670144,1.4659353212599926,3
-0.00018600642277228835,0.18606882479104211,0.5616247104223896,2
-0.016478709739439993,0.14237275014395367,0.9692813489076473,1
0.014292195812732361,0.34297643814940304,1.0207306111149952,3
0.005269744306621192,0.42541014894583823,0.4557218089422818,3
0.006759150564642366,0.35754793284145325,1.6624792215951554,3
-0.004883132705812974,0.07967008879472313,0.6341657455484878,2
-0.01838769183172847,0.0017666320233423738,1.9602933635286666,1
0.018045543475732943,0.04114443169818538,0.6954013217395361,0
0.01913404633589168,0.3528384860134848,1.4340569302958097,3
-0.005293136664759121,0.18126696719748991,0.4265817728284884,2
-0.02005058729275618,0.3342365834040238,0.6995753986854756,3
-0.025766152349270755,0.196380633431754,0.7651878686607226,1
0.005931510902815236,0.36093944217610197,1.7654375578693475,3
0.004784937282222991,0.0924227148916293,4.0555364192763035,2
-0.009292345945967862,0.12261420303014901,0.7550490795214336,2
0.014998004788474212,0.18468454116628416,0.4781828094092692,0
0.013721029199968787,0.19698518723455227,0.44062844202587226,0
0.013578625801185566,0.2875824533426002,1.808625474406626,2
0.026070158638695183,0.22811890731333664,2.075091140323246,0
0.005026332964762049,0.19894056431737556,1.7976589175446898,2
0.000563623147382565,0.07842070552675606,0.6386428382017661,2
0.021573616668625912,0.5303020886989425,0.12638350846510615,3
-0.0017672591841067064,0.09386715720588407,0.9715549275382901,2
-0.0019769040247861213,0.17460883425010632,0.8196198998695231,2
-0.022965265775052365,0.376998279453468,0.1388565101892231,3
0.01849267365825538,0.10536037493933151,0.819016019281261,0
0.01183628267482756,0.21489707224270246,0.7514925659720871,0
-0.030447183724357823,0.3589348358935096,0.9235064501347509,3
0.019960202197193046,0.11182155426379999,0.6391455711257886,0
0.023468845532648896,0.2171714088228169,1.5080877685980967,0
-0.00038520759468789283,0.12832402239443136,2.8651586156692006,2
0.018227254443494434,0.21198728956100563,0.6583735289642939,0
-0.016771715968944622,0.32902739575927353,1.2291220404460363,3
-0.014607332634342734,0.4711412761653895,0.5494836743150843,3
0.02122741929746267,0.3197136572992343,0.23964876734728627,3
0.0024709539191116467,0.014644546692588661,2.0450757549918452,2
0.012178107125092638,0.06608400390857741,1.5662647453690546,0
0.013374833111850254,0.30613877329619293,0.6419872903465302,3
0.00482643869833562,0.41285534170508964,0.15468280252604255,3
0.015520558276869507,0.0823754212460251,0.12831082352670364,0
0.05179127284037228,0.23010480414333176,0.47668887556160605,0
0.036018808658216314,0.383578387781389,0.3115739691318807,3
0.008517744123860716,0.26752334509199716,0.37138259542033686,2
-0.006381078713332364,0.43087135187159753,1.2390788987301107,3
-0.007754031198719683,0.11002679091244079,0.7518569614486197,2
0.007169072364192405,0.28471836588614724,0.4968012560437118,2
0.0064816793878959,0.30935954675035465,0.040623733418400206,3
-0.022753713408496332,0.35325479371426655,0.1875245443618537,3
-0.009023177168179975,0.5181490348767663,0.7685212885059904,3
-0.028037021255845618,0.18955498200498377,0.3045305278317753,1
-0.025852506943045254,0.11751127513034816,1.4277965865186988,1
-0.02731234808380299,0.3270259918203748,0.2341143481096858,3
-0.005836225378310882,0.30226151132227125,0.3904389579184436,3
0.002523558073239344,0.05589386423361026,0.1941567776616569,2
0.005603223176392136,0.0777697776635984,1.3727864187076744,2
-0.010589339270140165,0.23764265310680646,0.6337770038492436,1
0.04012185776318246,0.2572138426301513,0.7033460798293344,2
-0.008162016783204412,0.05816162814407039,0.8258614800222434,2
-0.0019092849417814606,0.17591605857473042,2.591906483688804,2
0.01681240053009106,0.25786249522725424,2.325617328579217,2
0.016814689642590985,0.19028416103031853,1.708207912113327,0
-0.02024208750520335,0.08261021038721165,0.35007984448830504,1
0.027488761863416346,0.06314272792337483,0.12059113570204341,0
0.011049799088342955,0.1285169297849713,0.2096398228222964,0
-0.030303821243971046,0.14399473624953735,0.801422655107552,1
-0.03495273019656523,0.27194379793273593,1.1813769037988062,2
0.029633268049251975,0.20187827964946797,1.9141625404607265,0
0.01779261591246874,0.22642256778315384,0.4106696181929387,0
-0.015135901771389215,0.40054536103339405,0.7780857387614863,3
0.028055886218721984,0.1613569271733509,0.3792856174428155,0
-0.005599866037489595,0.24991407179555156,1.5455925690123524,2
-0.03562316828931267,0.32941318879290304,1.1385161788767795,3
0.015578730070242281,0.182349904671072,1.4569306032114637,0
0.007592792967719309,0.2935013451012243,0.2486532592253658,2
-0.028765559566347333,0.22889772989720372,2.3498073358562506,1
0.0022274520368010483,0.2872585047455759,1.4154149487654653,2
-0.04051615746222754,0.07723877951176222,0.35163368576066734,1
-0.002213307371146589,0.23956333772338637,1.1461457669911483,2
0.01762293441626738,0.1279678348801401,1.5851725916294443,0
0.019356520480504083,0.4569067116914409,1.4857418345147335,3
0.001959663069417909,0.004833610041298231,1.4546917349135173,2
-0.0049792829695814705,0.3388962651071925,2.042263443812803,3
-0.01873012749579192,0.11113018169292287,1.8892490475260546,1
-0.011473240137604725,0.19178324594917626,1.655274690619188,1
0.016963484253333362,0.045545564055040955,0.43680026511998593,0
-0.004943547650411938,0.050253983706341765,1.135512974504462,2
0.0043079301091257585,0.048103333783536595,0.05589669667631539,2
-0.005290296826212216,0.19473552998231086,1.5671338714861027,2
-0.007412286641722119,0.28971487325712,1.4559987898291928,2
-0.009426314423022358,0.2340543290583418,1.3588129082423457,2
0.011029707520809352,0.10561817757058366,1.0097031409961785,0
-0.03932713178752004,0.2764533846836984,0.8463190626355424,2
-0.03126068613142507,0.37655009551855056,0.47357828607284047,3
-0.01956745555230064,0.20645613062755816,1.3499845489224873,1
0.029020028762626722,0.004306505628213608,1.8336501935658243,0
0.02094196605224309,0.3225959305607489,0.05918595518584469,3
-0.005833874995865536,0.20217634988939814,1.3157372480929561,2
0.02887529208146519,0.3214391653957829,0.7606329219464988,3
-0.0005114862438398887,0.14286658667424246,1.0289396374793647,2
-0.006702755623429035,0.606549746650234,1.6055137164424236,3
-0.007943906322919752,0.14134629997016357,1.6917655619003718,2
-4.8076818377076885e-05,0.1759888270087543,0.12644360870583707,2
-0.00921277541919575,0.1111729526524467,1.2829465066978816,2
-0.028367314658660634,0.16579914097854234,1.204105500415643,1
-0.021972408503556244,0.3045857069585469,0.7322421513006755,3
-0.0010858973303562443,0.43522736442909893,1.6632834670350503,3
-0.03683795545915715,0.31729138031778775,2.172533447034306,3
-0.006731051797563468,0.035272042433277556,1.519563374512128,2
0.006835119515543189,0.40265236287305006,0.379279204719117,3
0.04330112135613205,0.21526825005609915,0.8290297625817651,0
-0.005996763925497611,0.07630244895639689,1.367536385043711,2
0.009880603725654776,0.14553025297743832,0.4975654446296247,2
0.00499096379196154,0.15474004190620466,0.13750269246193228,2
-0.012268053270818795,0.3036366436088289,1.3475871079674695,3
-0.01692719439773946,0.167599786764033,0.17655777367883013,1
0.03346904180597074,0.08417114182934313,1.378517081618059,0
0.0015727038063218118,0.028499151337420897,1.1599482674298467,2
-0.02623672464700319,0.3074510120810616,0.05873378892378707,3
-0.0015567439402560408,0.5294969082468431,0.34941679651534935,3
0.02326327504309919,0.020041210236467988,0.9238879694231558,0
0.021121136181321037,0.6000357833480013,0.4995683150280178,3
-0.009090954374868884,0.01867117030689172,0.8379592737186635,2
0.03870308080120458,0.31119797253618714,0.7213190166494375,3
0.01782607373739511,0.10834983138655564,1.2447450888545954,0
0.0392517438106159,0.445581746705428,1.9997523987179848,3
0.009263695905351695,0.07199007889413331,0.3996172435527912,2
0.035953730536990455,0.37289721548925386,1.4844386191447967,3
-0.022521079218221007,0.3329869239136475,1.9066807300856037,3
0.02620617492239217,0.0020880876372023627,0.6670366572216867,0
-0.027316483108308778,0.05445930111376418,0.8458270864919919,1
8.459717988303153e-05,0.31945100296232487,1.4722669614529094,3
0.035927216458539274,0.17431155427625983,2.2670237905979334,0
0.02133349379178308,0.009861764227671294,2.217456783289521,0
0.009353863435308665,0.13102111065272898,0.31132076593743224,2
-0.006205335131869121,0.1669192656265194,0.06506845035758901,2
-0.013000478688137964,0.1482343854771215,2.1651291629855325,1
-0.023402260521187192,0.6169945436335333,0.7331559440057778,3
0.04563303673077686,0.1893744728125865,2.3125616340935626,0
-0.0016119949859352176,0.26419439398289524,1.9810556568928839,2
0.001508672778031856,0.24458408323776296,0.9098957447498844,2
0.00346361851702364,0.07698595717066253,0.6212319859300158,2
0.005206436775424415,0.3347767556827347,1.8438971674159774,3
-0.0271503507968387,0.3052734560815016,0.5856109445131386,3
0.008600832943821394,0.15004435714193576,0.2360699753479077,2
-0.0006287834074955285,0.21107951516163206,0.4902500571798063,2
0.007113378971264588,0.32262006900475587,0.5276628321133575,3
0.015027742467435781,0.025430591302358363,1.457419960546044,0
-0.01567531331172793,0.38557712004335143,1.0818543031699368,3
-0.010224313528623703,0.1853711924381565,1.8563336834052446,1
-0.001283763542169955,0.39338045771103103,1.3898576313690545,3
-0.020741321471399923,0.08302899863935997,1.4808882547644422,1
0.00648718563443206,0.19233219604769336,2.6957786505015453,2
-0.015937905109409536,0.05067546587410976,1.0614073900381178,1
-0.013162329781505134,0.357507356233014,0.7984918611677867,3
0.021162366501743003,0.04621713713938505,0.8455252011499924,0
0.011029525504790465,0.31730410813611915,2.910126052808646,3
-0.008606186399092847,0.25047496832313515,0.47662185437786164,2
0.010867816557436192,0.21856319637864158,0.989955443432279,0
-0.0001968961730076601,0.08325371704902451,1.243639387390679,2
-0.0003284579214550415,0.07738877983784904,0.5290653534833658,2
-0.01061941795623929,0.05076419099922502,1.482591776868871,1
-0.003403692450498569,0.3598064408389404,3.3318681513115695,3
0.0028251428017492647,0.2249956842967758,1.5468745625869558,2
0.017737747801946008,0.18753660083852255,2.054723998847168,0
-0.014663123942199931,0.14002598985702103,0.6153660325066681,1
0.01905749094405878,0.2738021420850348,1.2137601400013753,2
-0.01079519360618723,0.22037891361224854,1.1666319486573227,1
-0.019594424494336137,0.11109457655643404,0.5125370880219703,1
0.015667810185651908,0.3612832311772874,1.1518334475319638,3
0.012512618672920018,0.19381105210249094,0.3874489434004443,0
-0.013052479586047818,0.1230595860687192,0.49760571220338196,1
-0.014168135338209256,0.15256837789365413,0.5292391160117303,1
0.0630411346902417,0.18519186583164907,0.45078468092294766,0
0.029070681543146338,0.07795277243463533,1.7275983726292765,0
0.004464778282583194,0.21457336806293717,1.14100416502296,2
0.016357793160500574,0.011063079217602523,0.7409683529887852,0
-0.02705340571687069,0.2995469520549262,0.6780271525754282,2
0.0146927509091866,0.053296546471614775,2.9595767543575433,0
0.008638450893478812,0.19130741873559237,0.1956262405634895,2
-0.010095498424564349,0.16775677428815733,1.0289012522336924,1
-0.02358919329015561,0.0031299044827175215,0.18148459355237134,1
0.03189010126449945,0.021641861037916682,0.24131865413738252,0
-0.01722175820347141,0.3266683808107499,0.4307398425246213,3
0.011531139261115328,0.1725048935710704,1.3616356403625538,0
0.055104354874398034,0.03213546912044665,0.16960283105846946,0
-0.0018341204829025197,0.6152560408438914,1.9321001557229482,3
0.005651599009765993,0.15106494433379608,1.1905036950074175,2
-0.033097748724565924,0.23572569592094425,1.4413860773586338,1
-0.027337573968308423,0.024577905619547508,0.8025306284389644,1
0.005579883244476039,0.02050016115734063,1.6024669776183924,2
-0.008651163756392419,0.3573296212813043,1.2450692046270482,3
-0.03196248703767495,0.2237140847865179,2.7625775570381204,1
-0.024568876625315254,0.3713311089328337,1.9445497701916725,3
-0.022130518174833406,0.3692359674903256,0.10802836843717546,3
-0.028103796936071502,0.24257668509541053,1.387014495411438,1
0.01683967390904254,0.2700878322774185,0.7086054406727176,2
0.013241036695169463,0.169787014988454,1.6139468889531656,0
-0.015456504290751436,0.24364470952061645,0.7931355229272934,1
-0.012995304536965343,0.3522831337721458,1.0760315027271048,3
0.00029376389458394186,0.15711086582852457,1.1942312119949934,2
-0.004719399744219433,0.42731207230223134,1.0260294371762742,3
0.02413017933016714,0.20563127622302324,2.2368443107487663,0
0.03405029316259211,0.301204246671293,1.8092747977416261,3
0.002730706621654749,0.10030233537469063,0.6413723156141429,2
-0.009400842955190029,0.2021007451057071,0.3983412621951586,2
0.009153731721071041,0.19144080628532661,0.9517339633107338,2
-0.03028940618361534,0.06778494421595069,1.3258305196153173,1
-0.01301285138243654,0.1274574290666845,2.472559520302735,1
0.00399620867437427,0.057356247795719406,0.6828728953601733,2
0.03126826717664216,0.06835739647056424,1.9787472793122056,0
-0.025151557178292327,0.1829281192379363,1.655711525384017,1
-0.049988114297471464,0.221513985028624,1.2016617467619901,1
-0.004071607202047235,0.05911376889769898,0.19000266941573934,2
-0.010328592877751435,0.30407351807886535,0.5601301244555542,3
-0.011910698703677185,0.08038428243948517,0.9740884480810574,1
0.04698151573401515,0.056383959880389356,0.9611486769008669,0
0.011808441225029269,0.09699014066489728,0.8190851354315947,0
-0.0016175699573092262,0.4306326978551515,0.08782940332865528,3
0.03711006629588526,0.45249718638912945,0.47721739921225925,3
-0.006928530120137992,0.036837698696949805,1.4012024051606262,2
0.01763279513898901,0.14233146815343628,1.2198868932967009,0
-0.007200785375139655,0.5458919878951609,0.7221372635863462,3
0.00015760369389456304,0.02620951045107725,0.4276355823690082,2
0.01637555287509721,0.3578316733935588,1.8070663715889101,3
0.013627190208858959,0.10358354256500782,0.9414315347763621,0
0.028244411108308585,0.46949978025125255,0.840932107664437,3
-0.01323572929536776,0.22698715543196252,0.5107569913963622,1
-0.009776988435725482,0.20293994248664426,0.6172215988356877,2
-0.03233426749896028,0.24724578073329984,1.868579322782991,1
-0.024193894856822152,0.4088058127380637,0.4994775148727019,3
-0.016103435034857526,0.38642403399902414,0.3920603259219329,3
0.0039004996805625347,0.05659121724749083,1.1145083768912807,2
0.0403055022092128,0.28005428720092895,0.20075633112511196,2
0.007595352720817921,0.0024474505330210616,1.0385786458921622,2
0.05629308888945106,0.19087257199956084,0.5837719872067647,0
0.022391498228691537,0.3648475036162947,0.10206717070056553,3
0.019635309739831887,0.21385651874598866,0.6393995263108706,0
-0.03987471285142911,0.59568226283903,1.2895893895940977,3
0.013131072172676594,0.0304731905772975,0.050104754832960285,0
-0.01178664462854724,0.13510107299051122,0.27977348708072214,1
-7.205078181136809e-05,0.43856053528604577,0.5785751200491772,3
-0.0022907969050523576,0.08391432663850773,0.19705530538114246,2
-0.0024746536019951324,0.2763942985463012,1.062621953995972,2
0.022286433893377443,0.29373553919810647,1.1703731721879227,2
0.009249672481337082,0.15498068197577003,0.776747141009209,2
-0.007330140407361037,0.02754387906538916,1.2050112382174483,2
-0.0053729150661948515,0.3006526707376655,0.7190985462725978,3
0.02950712433899104,0.2563183786440879,0.4212671133357684,2
0.009205432499646077,0.18936419562089468,0.7634010449850452,2
0.045048716106886176,0.06229714075415527,0.9072091954358757,0
0.03704556369017876,0.3881507541136009,1.1456785191090813,3
0.0013398143444974383,0.42126685464647834,1.3884039759460505,3
0.008563724956211523,0.2277240550432481,0.18163166179350212,2
-0.0011116934182091014,0.46497677004914506,1.1512365777693196,3
-0.0035354832623156417,0.15643377769832761,1.7027844304045525,2
-0.00952441747089318,0.15944499548582455,0.1948048948790385,2
-0.015085517000387159,0.42471464502316764,0.47571552665668815,3
-0.0041624450071455045,0.4360601324832659,0.2698308742189974,3
-0.004497119636161571,0.06981163058732698,0.42410704769937285,2
0.00416765615895105,0.2806652285552726,2.310277400274159,2
-0.031013268621322653,0.265400866283387,0.540804752633322,2
-0.018807978329687065,0.29138582463346296,0.9792533292724231,2
0.004410828540277337,0.28119819410124175,1.5409973728115258,2
0.008892053364402814,0.10048457641707681,0.921166514178645,2
0.02383798668827146,0.15004285685367164,0.5434257835586035,0
-0.04134884200079753,0.07240801205720784,0.9881139196415151,1
-0.030378216501801357,0.13564441278610018,1.5565125731328289,1
0.004023193117456786,0.061191161353556595,0.5895331481580951,2
-0.014969730731131073,0.29668931486227645,1.5934485811405188,2
0.011998574599924091,0.21666940629447684,0.6881252427878369,0
0.025590373395203175,0.10485879247740296,0.7085336277486913,0
0.01428000988184184,0.09325731554774241,0.0939931802699459,0
-0.002116375149953958,0.10281915655302182,0.7852015715549366,2
-0.00848472666796087,0.031222084740325756,2.172122489240922,2
0.037535916251161316,0.23308753066060411,1.3525550590181554,0
0.020020921851342823,0.17307281376912798,1.4145545027024655,0
-0.004587814881360556,0.02987432820833144,1.000955626157568,2
0.026408280195676682,0.21714631295888717,1.072273860005657,0
0.032307513789388835,0.34040842519040243,1.8180363586908337,3
-0.0017947138857445344,0.4052119025732902,0.788931369120221,3
0.01915583228945811,0.30224513355025834,2.2736020702056514,3
0.023187620866010443,0.07350525330725716,1.0589585205299201,0
0.0038876860315467205,0.08758760195645401,0.6800582511287214,2
-0.03324983976071349,0.35459897123623396,0.33733806137683553,3
0.014379066213301334,0.27564061220575764,0.8385512571071576,2
-0.022211516909316577,0.22694334089478851,0.6252621406485551,1
-0.025936638959116933,0.3352593045710411,0.6346084632348407,3
0.0044936945150377185,0.3054710295854074,0.538867312685204,3
-0.005125616485031449,0.22151264460222142,2.8137965371643103,2
-0.03815615115754782,0.19504621044206594,1.0132005644529116,1
-0.028150233894356426,0.002154725254623402,0.9433535629800329,1
0.0060221467838348424,0.07505586514441515,1.1601091718799545,2
0.025056852688549673,0.29286247540820154,1.4034748017865337,2
-0.00814072625853561,0.06003408842193364,0.991181288865932,2
0.0009954737436192016,0.06067069237697492,1.4058182233915333,2
-0.005388136688891155,0.2160586179488445,0.5519026709428684,2
-0.0011109539779323755,0.19099436874671533,0.5144623299597119,2
-0.02775737100911604,0.02165883229199772,0.5434301797370368,1
0.028969984597858524,0.49585167186233,1.2468241302423297,3
0.023162217470001356,0.12233638291666706,1.1991787124571702,0
0.0060340001780347105,0.12346680655075487,1.6219301332678602,2
0.03404429889270476,0.34552626238517886,0.6226594283965277,3
-0.0015174290137004666,0.2173395108019862,1.0196241255479261,2
-0.010706701740324462,0.2502581527868257,0.1912304225398686,2
0.007958540998936179,0.07426088212629445,0.35526679576947906,2
0.007626192245295693,0.23733409536998848,1.4978040740362177,2
-0.011474000078771581,0.2598842289408991,2.4503985664586625,2
0.01858819969581631,0.13490143066760646,1.5684685327948888,0
-0.007656343792259374,0.1597446801293929,0.09629905974289063,2
0.027913676215799123,0.06518002846342438,0.34120362465063364,0
0.027690640951878124,0.06413041799432787,0.2340258497545197,0
-0.008923668664295595,0.2670472575514778,0.2939813145009498,2
0.01972753011811874,0.24089502714791217,0.6065401502357769,0
-0.010320894564347479,0.16426494874165737,0.51345417250573,1
0.017456487020112692,0.2833739041362691,0.2560411706546323,2
-0.011582482192714929,0.05345813909271771,0.5477111466910188,1
-0.0030011117406505347,0.197514738526622,1.395332065222004,2
0.012468142765598312,0.42776330459782697,3.0555687849119746,3
0.02862733563662367,0.4183400718885947,0.806969716651375,3
0.006646280239591833,0.09358532640072864,0.7572257988606272,2
0.00500400412503389,0.250849027071413,0.604400547491587,2
0.010300705344173195,0.3739759949582516,3.4553427253021596,3
0.040996241915718525,0.5878962763525843,3.1559977947745526,3
-0.011610468996094454,0.018836091118497184,0.6183686471952465,1
0.02106305706665807,0.18407088649403705,0.5114755549653827,0
-0.033849292594296386,0.08892648405017624,0.03898074423804787,1
-0.017488712966798364,0.20027052595346215,1.6005343775485013,1
0.0041931883054925154,0.02645879041557933,0.28117670016927343,2
0.020150273796738442,0.29933944732394296,1.0762841319721461,2
-0.018491282287562,0.2856711863057111,0.44278348808509443,2
0.0037353352895415667,0.14241878880038258,1.4029823923159808,2
-0.016937019322507293,0.13510437254997076,0.4133074149247778,1
-0.004950372711030095,0.1466038873421251,0.48376532982661313,2
-0.009552911652080104,0.0633258383056941,1.118760913801303,2
0.007893430596459621,0.1275524110890739,0.16353590733558968,2
0.021142444524378315,0.19669477039935945,0.9519515375792619,0
0.04910600279821788,0.050846740155369,2.165801627323829,0
-0.02172109164236172,0.24203539190037415,0.26426742438278233,1
0.014090130796494462,0.07965922490982195,0.4455383866200822,0
0.01443125010252287,0.4595482722285753,0.693017727374992,3
-0.020043749115629454,0.05768769570980001,1.3884752809296015,1
-0.027942363702259825,0.1916221726020784,1.3599655664325299,1
0.021450146746196046,0.07672777573679813,0.28548306935426754,0
0.009287397270931483,0.019412952655042975,0.2954827633753379,2
-0.026606272514779795,0.20225416254306455,0.5553963276829592,1
-0.021910387776911247,0.2096611283647913,1.9777810679903534,1
-0.005622005857719098,0.22572039763855864,0.29986729769933246,2
0.04306364915023113,0.2647447444456396,0.39619035571158895,2
-0.04306685839742489,0.13230457034845033,0.39626486900276287,1
6.092040306828939e-05,0.18294999663778472,1.0573745718719882,2
0.008430921670731225,0.0331508795494129,0.4038337537544266,2
-0.018756500798302458,0.32408541614861347,0.7422211860063272,3
0.003988479719735342,0.33075538783982206,1.153785600382487,3
-0.007582554819749742,0.16752152036957396,0.525620061615154,2
0.029744923106718547,0.04249178152652208,1.2694948116893643,0
0.022968914183935096,0.16621060362629697,0.25261146881431257,0
0.003694209495621666,0.44238087351834704,0.5529540136462745,3
0.027849306001286576,0.22271110859371665,1.0879942815997614,0
-0.012829738180886192,0.46632362738600724,2.3739964751040894,3
-0.025608587049925663,0.3460589346278552,0.4222528308422399,3
0.008592364382651718,0.043831605034309135,0.8451568731775863,2
-0.014396884167894173,0.36066207506042075,0.24216816599236798,3
-0.014618600798838382,0.06340323692262653,3.753875672687123,1
0.002187895892097858,0.17474226162907214,1.5593079237125393,2
-0.02445790039111128,0.2944609271613107,0.27482166792016977,2
-0.04743318721717785,0.1097297916525462,1.1286623395146447,1
0.02011849023592833,0.030479603557305723,0.4097804645536122,0
-0.012190244043185663,0.34359572338902966,0.11588366169208111,3
-0.028961686829946483,0.1587796542870968,0.3008528708855705,1
-0.04423723822659014,0.20645464599819222,0.6084098802479944,1
0.03224441256510849,0.07438914120267631,0.43932941319201774,0
-0.012833336402607648,0.18296178295684246,2.625051101675349,1
-0.006043611739652428,0.15173709440146876,1.0343755361065003,2
0.03234425149937248,0.3048429607576132,0.4213371601508289,3
0.043796058664353446,0.29131033836866255,0.777458460737927,2
-0.021068311263473125,0.07088647974472706,0.5401176598930487,1
-0.027655994619286722,0.4399206410170684,1.2412681848938696,3
0.0022359831640677654,0.10801821612860053,1.2305539819626656,2
-0.03940207635423671,0.2367671426558927,0.253350081304218,1
0.015038660653735483,0.3225255517146472,1.584099761494543,3
-0.007262333223111331,0.14963210915303757,0.7946462169227589,2
0.0009861666304044527,0.23851748859870844,0.7093683539571198,2
-0.021925501737904037,0.20954735922447768,1.216501152692203,1
-0.018758511530727977,0.12800530359316867,0.7739675037565728,1
0.0065226604448423596,0.14001500148360252,0.4502701911510953,2
0.017383091849937932,0.2912400749516284,1.625620979168854,2
0.01645565561668005,0.29383869537598395,1.1885641911182518,2
-0.012416951965022321,0.5840754439033526,1.5437391653527417,3
-0.006715693985802565,0.31796093179937246,0.6407982926419489,3
-0.015998810134038685,0.059625315531415174,1.2219573444395482,1
-0.002474578925496723,0.21219371375637217,1.494653359760387,2
-0.0016304534620329178,0.07485929853980519,0.5550754088428446,2
-0.011037162917848935,0.21620211814692514,0.7555508471449974,1
0.01026170840194586,0.1167474947683836,0.12981843440353824,0
-0.01019613386381765,0.04376818883237871,0.7499898455584846,1
0.010174500464598677,0.30427478724952106,1.567573964602931,3
0.0036948115779144894,0.05528153935554719,1.1404526069868257,2
-0.018711925975248518,0.1625516692671621,0.22375037924617894,1
0.02201919269997142,0.18990838026296983,2.5932091551771457,0
0.02725125705424904,0.1539130661507403,0.12624543755813766,0
-0.003002339025076132,0.11137724778628563,1.193366778809121,2
-0.011782242655622539,0.3468889616430444,0.5615942583672284,3
0.0033730934393345537,0.31239238353191773,0.5214356643089938,3
-0.014710598851795332,0.3450767183658424,1.420215260380395,3
0.014849178271852406,0.323021539118459,0.3763336473396108,3
-0.042000530153032484,0.30013221205549934,0.20869910281977197,3
0.02127881975121712,0.1951244160413466,0.34117400569343653,0
0.006284946651905478,0.5063266865802096,0.7808144954982875,3
0.01339345097660077,0.1667167593061597,0.830623950229271,0
0.032899354270025674,0.1745221463483404,0.45334494282020577,0
0.01586977441104426,0.4900039621571536,0.8004792440532283,3
-0.0017656409670250965,0.17239514012014961,0.6730345426554456,2
-0.03125091713773086,0.23275834813162613,0.840121646550433,1
0.00447575903277797,0.2571167107047578,0.900689229680417,2
-0.0002449354569382925,0.11918587439808566,0.9570682523393008,2
0.011745248269283535,0.11488290781574727,0.44772463859039946,0
-0.00221625120558175,0.02847586962607715,0.3929011176062052,2
0.02377826742949286,0.3418832234831959,1.9683424202608424,3
-0.014849684650767681,0.25589722797200826,1.6061312413198396,2
0.03146039450429713,0.2475428010476173,0.14839528786720435,0
0.0013712594961205467,0.3265759264462606,1.4628665416781494,3
0.015107824516515121,0.027845467121997175,1.3359524791317337,0
0.0031971278399480075,0.5661832583707871,0.9817170823244152,3
-0.028992904393970603,0.0753653134265635,0.9015797437081134,1
0.031479735265800654,0.21040057425730221,0.6074004915758129,0
0.015716003173016645,0.05023387206849228,2.012178949867313,0
0.024695038280895903,0.38246710809156204,0.21128995984224894,3
-0.01670285803260046,0.40619169013648315,0.9918895567799252,3
0.039850307063362365,0.11618062716725641,1.2547270967710298,0
0.03006796603534301,0.0804329650662529,0.9799849351404039,0
-0.015457553356472182,0.4340383294296396,2.149090300022941,3
-0.023637482508416022,0.06460184600182706,0.7095149548824556,1
0.016508326979760596,0.0792357228454237,0.7186892786354586,0
0.009117755441632153,0.07056257261387444,1.0179361563705933,2
-0.03054335713179295,0.05077154712986884,0.5979104586258281,1
0.0244616613419065,0.11612542474111877,1.135676591449004,0
-0.02406401710778289,0.21619758810878434,1.8519975996893527,1
-0.002454178671914483,0.2330946206460745,2.2662130350947325,2
-0.0007861457525526238,0.42395046566648054,0.8319709928280307,3
-0.05842700966989215,0.02333578130129632,1.4501423565529066,1
0.005742483304036484,0.2163624455524748,0.7500802131485864,2
0.01957716101563591,0.10374092845218061,1.7835456348197052,0
0.021079715423657525,0.30872440602287476,0.8441644934893726,3
0.027529929000390755,0.20911780587519543,0.1970277946233148,0
0.025681915878962347,0.2927102740895063,2.2078410353533524,2
-0.029681133298486706,0.035043905675102904,0.33398336645910137,1
0.005795497137928258,0.04317057714889205,1.5818813681284551,2
-0.035381518097782366,0.08261129561778004,1.1006673730492564,1
0.007916395621918463,0.17497778889524102,1.1777369972416003,2
-0.016661121140015174,0.4584612076469375,0.1425473864483609,3
0.011826984835168006,0.21988965080391518,1.1759001219768153,0
0.003329044164261122,0.3081495429358454,1.7755272912678974,3
0.0005077684108482037,0.23759423481549533,0.3563637742004456,2
-0.007390538576667172,0.24409240819147435,1.1559507872519397,2
0.006489172087050341,0.06497596581895057,2.0244175458752682,2
0.007623167697655555,0.34939605182696687,0.22595723071885396,3
0.007228346345462058,0.0971254706383951,1.4485075749887844,2
0.004145346587978879,0.25720292518704274,0.9257570973034881,2
-0.023235676878247277,0.055490548820214675,0.40195751754348896,1
-0.008946437913175023,0.2560300525117653,0.6944476943981135,2
0.01294391879405482,0.06638767046716049,0.6219322981572702,0
0.004640998747152726,0.45122895093710974,1.0502878545079217,3
0.0284549627219988,0.4408429748847677,0.5307412733011578,3
0.001596029681174662,0.498814161124618,0.10198679853291524,3
0.011001041980491037,0.19654241658718008,0.8862620328399862,0
-0.030343473933433583,0.3668951457804953,0.10753019892307694,3
-0.04725864871083677,0.07603995771933525,0.7925066066684114,1
-0.0074566630418353395,0.1041515907506273,0.46546976557644587,2
-0.011103990533863968,0.054994716394601045,0.15520546935145543,1
-0.021417849961222247,0.16990410517618523,0.5370071163570691,1
-0.03337168147755179,0.13627529787115425,0.7578591922377043,1
0.012064950011427876,0.13859891371720637,0.36467981278826894,0
-0.014434751066745067,0.10547857547864799,0.30022345125089916,1
-0.041007149145684006,0.18272175068352817,1.466860417533363,1
0.013318485041089227,0.032310858794489056,1.6537200499598965,0
0.03046059712816051,0.15048647124478443,0.9066592112183538,0
-0.004921249762598972,0.11859892271884531,0.1673839688565312,2
-0.017279815393596323,0.17976539743762204,0.5490350362663002,1
-0.02434565384440959,0.2744951922469843,0.6072811957339361,2
0.00344508772822075,0.2190237027702443,0.5470245458333285,2
-0.03779298584192306,0.24448590150414623,1.507732243414321,1
0.0029012749191876324,0.08206533160946217,0.48019556950957426,2
0.010730196871408072,0.0921013711211221,0.4656650213123409,0
0.010323565742299168,0.5136641409098716,0.8174684442788787,3
-0.003938436159937791,0.23302839713076992,1.0273144744832239,2
-0.01898797777663886,0.17063220935471282,0.6954190962247553,1
0.010422448567586767,0.2748324792152319,0.17515412379428064,2
0.012678380446360224,0.5102339062258736,2.3729108410865263,3
0.0041772719000951085,0.5277642342554169,0.6673838482388371,3
0.004684294650730415,0.13699584090587563,0.40829755720375366,2
0.018308042354041484,0.19744908882742537,1.0297795729010868,0
0.0013868867407250086,0.40482896937893986,2.164426561117458,3
0.005221105443597786,0.031737334571616815,1.3000371604193885,2
-0.012765654530569883,0.05195858952476648,1.964980280363737,1
0.020611611712481145,0.2724185186090477,1.2281307461341155,2
-0.02790897009510144,0.5458455256050784,1.0833478025882946,3
0.019389144010534737,0.5794891623877929,2.0793639772587262,3
-0.00786105514122802,0.03152074236869337,1.3780550981068014,2
0.008826143033984917,0.2029993229309629,0.26772073048067274,2
-0.008272313312592854,0.24985584998359772,0.8980884952809184,2
-0.009268353856249245,0.43974827114615495,0.45184646397267014,3
0.013463627025399168,0.21862635271169203,1.1051248294869818,0
-0.013538440006119175,0.25124903479289395,0.7621000761134477,2
0.014627605051499848,0.0526970754183643,0.6476548585610972,0
-0.03692375724476188,0.39241924532584704,2.828268427154383,3
-0.005932149181395967,0.07851648513658879,0.3546627547879124,2
-0.021012466436556024,0.10202939151050888,1.206357892382425,1
-0.006985154086368576,0.24803248669232436,0.3523891498274466,2
-0.014691831535960985,0.23806059451622497,0.25205013588823066,1
0.021943054235073915,0.04731327642842614,0.6660155479814505,0
0.0028196539922412003,0.16451939249471972,0.7276541243498669,2
0.03064735449356232,2.7798728418682028e-05,0.3545750410211701,0
0.03908314867500572,0.17419379611017913,1.5729027671442513,0
0.009440045418385487,0.002199367655075307,1.231957463322016,2
-0.04436695520102162,0.1625159396281931,1.6304727675439836,1
-0.002940508468617,0.2442711469006125,1.1687456328900447,2
-0.00932990758456396,0.2432042552458234,0.2962072603188958,2
-0.007166803040424444,0.3660065636430976,0.4391134348094687,3
-0.047839124086260475,0.24295801159330854,1.6555366563278324,1
-0.015581854787534011,0.22965133504313678,0.152144740623136,1
0.0009287309631229762,0.1418052546638822,0.07673945628943277,2
0.008161056936735115,0.03669598842854868,0.6987587768184372,2
0.011850538984023662,0.14628808307310218,0.6512076591878139,0
-0.005501033943032881,0.42731672125283715,0.8253766134680339,3
-0.006440563089841168,0.08515832644547185,1.162626151257509,2
-0.01061002295221055,0.15099901287364342,1.6546036310709011,1
-0.01018426725198269,0.14172801398427787,0.9994456755976472,1
0.013924127296268367,0.3407960034018417,1.4877544527238111,3
-0.014039833756135107,0.14008017642907208,1.184388141327722,1
0.001543129924354335,0.31556953935308396,1.1935569975661278,3
-0.014158218813481506,0.047662793052418245,0.24634839475504847,1
